Athlete,Athlete_URL,Division,Q_Place,Regional,Status
Thomas Nay,http://games.crossfit.com/athlete/164081,101,Mid Atlantic 1,1,Accepted
Ben Smith,http://games.crossfit.com/athlete/43761,101,Mid Atlantic 2,1,Accepted
Craig Williams,http://games.crossfit.com/athlete/20093,101,Mid Atlantic 3,1,Accepted
Nathan Trevillian,http://games.crossfit.com/athlete/3737,101,Mid Atlantic 4,1,Accepted
Gary Helmick,http://games.crossfit.com/athlete/44402,101,Mid Atlantic 5,1,Accepted
Eric Oxley,http://games.crossfit.com/athlete/21643,101,Mid Atlantic 6,1,Accepted
Chandler Smith,http://games.crossfit.com/athlete/469626,101,Mid Atlantic 7,1,Accepted
Lex Ozias,http://games.crossfit.com/athlete/306487,101,Mid Atlantic 8,1,Accepted
Jordan Troyan,http://games.crossfit.com/athlete/4895,101,Mid Atlantic 9,1,Accepted
Kent Ingalls,http://games.crossfit.com/athlete/6151,101,Mid Atlantic 10,1,Accepted
Alec Smith,http://games.crossfit.com/athlete/99564,101,Mid Atlantic 11,1,Accepted
Bryce Lawlor,http://games.crossfit.com/athlete/255820,101,Mid Atlantic 12,1,Accepted
Uriah Aviles,http://games.crossfit.com/athlete/755362,101,Mid Atlantic 13,1,Team
Chris Killian,http://games.crossfit.com/athlete/225262,101,Mid Atlantic 14,1,Accepted
Adam Klink,http://games.crossfit.com/athlete/32551,101,Mid Atlantic 15,1,Accepted
Vinny Casey,http://games.crossfit.com/athlete/243332,101,Mid Atlantic 16,1,Accepted
Josh Mabry,http://games.crossfit.com/athlete/319709,101,Mid Atlantic 17,1,Accepted
Jonathan Wier,http://games.crossfit.com/athlete/226873,101,Mid Atlantic 18,1,Accepted
Dane Smith,http://games.crossfit.com/athlete/290604,101,Mid Atlantic 19,1,Accepted
Brandon Hedrick,http://games.crossfit.com/athlete/66631,101,Mid Atlantic 20,1,Team
Nathan Bramblett,http://games.crossfit.com/athlete/104297,101,Mid Atlantic 21,1,Accepted
Chad Blanchard,http://games.crossfit.com/athlete/646056,101,Mid Atlantic 22,1,Accepted
Noah Ohlsen,http://games.crossfit.com/athlete/2725,101,South East 1,1,Accepted
Travis Mayer,http://games.crossfit.com/athlete/1690,101,South East 2,1,Accepted
Irving Hernandez,http://games.crossfit.com/athlete/55226,101,South East 3,1,Accepted
Ryan Elrod,http://games.crossfit.com/athlete/258584,101,South East 4,1,Accepted
Mark Oliver,http://games.crossfit.com/athlete/775105,101,South East 5,1,Accepted
Jacob Anderson,http://games.crossfit.com/athlete/155824,101,South East 6,1,Accepted
Kirk Gibson,http://games.crossfit.com/athlete/7088,101,South East 7,1,Accepted
Mark Hutchinson,http://games.crossfit.com/athlete/402035,101,South East 8,1,Team
Dominick Maurici,http://games.crossfit.com/athlete/11446,101,South East 9,1,Accepted
Aaron Hanna,http://games.crossfit.com/athlete/187257,101,South East 10,1,Accepted
ZA Anderson,http://games.crossfit.com/athlete/156719,101,South East 11,1,Accepted
Tommy Caputo,http://games.crossfit.com/athlete/2836,101,South East 12,1,Team
Jeremy Lancaster,http://games.crossfit.com/athlete/153545,101,South East 13,1,Accepted
Julian Serna,http://games.crossfit.com/athlete/8551,101,South East 14,1,Accepted
Daniel Petro,http://games.crossfit.com/athlete/39754,101,South East 15,1,Accepted
Benjamin Williams,http://games.crossfit.com/athlete/97575,101,South East 16,1,Team
Jake Berman,http://games.crossfit.com/athlete/45136,101,South East 17,1,Accepted
Olivier Martin,http://games.crossfit.com/athlete/11672,101,South East 18,1,Team
Stuart Bready,http://games.crossfit.com/athlete/245625,101,South East 19,1,Accepted
Joel Dizona,http://games.crossfit.com/athlete/117884,101,South East 20,1,Declined
Hamilton Brodnax,http://games.crossfit.com/athlete/116885,101,South East 21,1,Accepted
Kyle Otto,http://games.crossfit.com/athlete/104758,101,South East 22,1,Team
Asa Brown,http://games.crossfit.com/athlete/254040,101,South East 23,1,Accepted
Jeff Evans,http://games.crossfit.com/athlete/105614,101,South East 24,1,Accepted
Hans Stancil,http://games.crossfit.com/athlete/310836,101,South East 25,1,Accepted
Norman Woodring,http://games.crossfit.com/athlete/238219,101,South East 26,1,Team
Dakota Rager,http://games.crossfit.com/athlete/102327,101,Northern California 1,2,Team
Marcus Filly,http://games.crossfit.com/athlete/13913,101,Northern California 2,2,Accepted
Will Zerlang,http://games.crossfit.com/athlete/7802,101,Northern California 3,2,Accepted
Lorin Adams,http://games.crossfit.com/athlete/15740,101,Northern California 4,2,Declined
Garret Fisher,http://games.crossfit.com/athlete/21292,101,Northern California 5,2,Accepted
Kyle Kleinschmidt,http://games.crossfit.com/athlete/297862,101,Northern California 6,2,Team
Ryan Hignell,http://games.crossfit.com/athlete/43993,101,Northern California 7,2,Accepted
Jeff Patzer,http://games.crossfit.com/athlete/93171,101,Northern California 8,2,Team
Dusty Sulon,http://games.crossfit.com/athlete/18551,101,Northern California 9,2,Accepted
Kyle Zozaya,http://games.crossfit.com/athlete/246058,101,Northern California 10,2,Team
Trevor Bachmeyer,http://games.crossfit.com/athlete/150709,101,Northern California 11,2,Accepted
Gabe Subry,http://games.crossfit.com/athlete/8496,101,Northern California 12,2,Accepted
Johnny Medina III,http://games.crossfit.com/athlete/103510,101,Northern California 13,2,Accepted
Josh Kyser,http://games.crossfit.com/athlete/683717,101,Northern California 14,2,Accepted
Troy Stinson,http://games.crossfit.com/athlete/3014,101,Northern California 15,2,Accepted
Robert Gray,http://games.crossfit.com/athlete/189035,101,Northern California 16,2,Team
Mark Pfeifer,http://games.crossfit.com/athlete/44907,101,Northern California 17,2,Accepted
Blair Morrison,http://games.crossfit.com/athlete/4158,101,Northern California 18,2,Team
Dustin Raul Stumpf,http://games.crossfit.com/athlete/535673,101,Northern California 19,2,Accepted
Jordan Eldridge,http://games.crossfit.com/athlete/278313,101,Northern California 20,2,Accepted
Jordan Jiunta,http://games.crossfit.com/athlete/217163,101,Northern California 21,2,Accepted
Colin Cunningham,http://games.crossfit.com/athlete/102911,101,Northern California 22,2,Team
Ben Alderman,http://games.crossfit.com/athlete/4537,101,Northern California 23,2,Accepted
Andrew Malek-Zadeh,http://games.crossfit.com/athlete/10405,101,Northern California 24,2,Accepted
Chris Detmering,http://games.crossfit.com/athlete/381136,101,Northern California 25,2,Accepted
Andre Fassler,http://games.crossfit.com/athlete/662609,101,Northern California 26,2,Accepted
Nick Lucchesi,http://games.crossfit.com/athlete/41380,101,Northern California 27,2,Accepted
Eric Botsford,http://games.crossfit.com/athlete/14002,101,Northern California 28,2,Accepted
Josh Bridges,http://games.crossfit.com/athlete/124483,101,Southern California 1,2,Accepted
Rasmus Wisbech Andersen,http://games.crossfit.com/athlete/8896,101,Southern California 2,2,Accepted
Christian Lucero,http://games.crossfit.com/athlete/6122,101,Southern California 3,2,Accepted
Nuno Costa,http://games.crossfit.com/athlete/29109,101,Southern California 4,2,Accepted
Dan Bailey,http://games.crossfit.com/athlete/47661,101,Southern California 5,2,Accepted
Joshua Pollema,http://games.crossfit.com/athlete/237406,101,Southern California 6,2,Accepted
Jason Carroll,http://games.crossfit.com/athlete/501728,101,Southern California 7,2,Accepted
Ryan Fischer,http://games.crossfit.com/athlete/6190,101,Southern California 8,2,Accepted
Henry Lopez,http://games.crossfit.com/athlete/8388,101,Southern California 9,2,Accepted
Julian Alcaraz,http://games.crossfit.com/athlete/60526,101,Southern California 10,2,Accepted
Dane mclaughlin,http://games.crossfit.com/athlete/62481,101,Southern California 11,2,Accepted
Kenneth Leverich,http://games.crossfit.com/athlete/21343,101,Southern California 12,2,Accepted
Andrew Warwick,http://games.crossfit.com/athlete/181611,101,Southern California 13,2,Accepted
Wesley Rethwill,http://games.crossfit.com/athlete/249028,101,Southern California 14,2,Team
Mason Flynn,http://games.crossfit.com/athlete/562814,101,Southern California 15,2,Accepted
Bryan Miller,http://games.crossfit.com/athlete/5111,101,Southern California 16,2,Accepted
Ricky Moore,http://games.crossfit.com/athlete/132552,101,Southern California 17,2,Team
andrew Kong,http://games.crossfit.com/athlete/3875,101,Southern California 18,2,Accepted
OJ Washington,http://games.crossfit.com/athlete/23934,101,Southern California 19,2,Team
Justin Van Dyke,http://games.crossfit.com/athlete/48036,101,Southern California 20,2,Accepted
Chris Cordova,http://games.crossfit.com/athlete/272056,101,Southern California 21,2,Accepted
Ronnie Teasdale,http://games.crossfit.com/athlete/23021,101,Southern California 22,2,Accepted
Eric Evans,http://games.crossfit.com/athlete/482764,101,Southern California 23,2,Team
Christopher Brown,http://games.crossfit.com/athlete/6619,101,Southern California 24,2,Accepted
Richard Froning Jr.,http://games.crossfit.com/athlete/11435,101,Central East 1,3,Team
Scott Panchik,http://games.crossfit.com/athlete/34796,101,Central East 2,3,Accepted
Dre Strohm,http://games.crossfit.com/athlete/267027,101,Central East 3,3,Accepted
Paul Castillo,http://games.crossfit.com/athlete/571999,101,Central East 4,3,Accepted
Alex Anderson,http://games.crossfit.com/athlete/5013,101,Central East 5,3,Accepted
Cody Keathley,http://games.crossfit.com/athlete/11845,101,Central East 6,3,Accepted
Bryan Wong,http://games.crossfit.com/athlete/420503,101,Central East 7,3,Accepted
James Hobart,http://games.crossfit.com/athlete/4945,101,Central East 8,3,Team
Saxon Panchik,http://games.crossfit.com/athlete/310970,101,Central East 9,3,Accepted
Will Moorad,http://games.crossfit.com/athlete/35627,101,Central East 10,3,Accepted
Patrick O'Connell,http://games.crossfit.com/athlete/16196,101,Central East 11,3,Accepted
Graham Holmberg,http://games.crossfit.com/athlete/262945,101,Central East 12,3,Accepted
Vincent Buttitta,http://games.crossfit.com/athlete/194540,101,Central East 13,3,Accepted
Joey Tortora,http://games.crossfit.com/athlete/91641,101,Central East 14,3,Team
Nicholas Urankar,http://games.crossfit.com/athlete/5312,101,Central East 15,3,Accepted
Kevin Scholtz,http://games.crossfit.com/athlete/63320,101,Central East 16,3,Accepted
Matt Hewett,http://games.crossfit.com/athlete/73417,101,Central East 17,3,Team
Derek French,http://games.crossfit.com/athlete/15358,101,Central East 18,3,Accepted
Anthony Davis,http://games.crossfit.com/athlete/388740,101,Central East 19,3,Accepted
Chris Shimley,http://games.crossfit.com/athlete/11244,101,Central East 20,3,Accepted
Kaylem Cottrill,http://games.crossfit.com/athlete/214117,101,Central East 21,3,Accepted
Chris Sansbury,http://games.crossfit.com/athlete/81846,101,Central East 22,3,Team
Alex Bookout,http://games.crossfit.com/athlete/125399,101,Central East 23,3,Team
Zach Sowder,http://games.crossfit.com/athlete/547070,101,Central East 24,3,Team
Josh Marunde,http://games.crossfit.com/athlete/266026,101,Central East 25,3,Accepted
Hudson Wikoff,http://games.crossfit.com/athlete/183086,101,Central East 26,3,Accepted
Andy Angelo,http://games.crossfit.com/athlete/204299,101,Central East 27,3,Accepted
Jacob Heppner,http://games.crossfit.com/athlete/199938,101,North Central 1,3,Accepted
Zak Carchedi,http://games.crossfit.com/athlete/96973,101,North Central 2,3,Accepted
Jack Long,http://games.crossfit.com/athlete/354850,101,North Central 3,3,Accepted
Sam Dancer,http://games.crossfit.com/athlete/621610,101,North Central 4,3,Accepted
Andrew Kuechler,http://games.crossfit.com/athlete/499296,101,North Central 5,3,Accepted
Bobby Noyce,http://games.crossfit.com/athlete/8385,101,North Central 6,3,Accepted
Dylan Martin,http://games.crossfit.com/athlete/243026,101,North Central 7,3,Accepted
Joe Piersanti,http://games.crossfit.com/athlete/251459,101,North Central 8,3,Team
Brandon Pastorek,http://games.crossfit.com/athlete/11337,101,North Central 9,3,Accepted
Casey McCallister,http://games.crossfit.com/athlete/98474,101,North Central 10,3,Accepted
Austin O'Neal,http://games.crossfit.com/athlete/309967,101,North Central 11,3,Accepted
Streat Hoerner,http://games.crossfit.com/athlete/247005,101,North Central 12,3,Accepted
Nick Bloch,http://games.crossfit.com/athlete/8325,101,North Central 13,3,Accepted
Shane McBride,http://games.crossfit.com/athlete/10342,101,North Central 14,3,Accepted
Alan Joyner,http://games.crossfit.com/athlete/1718,101,North Central 15,3,Accepted
Matthew Greene,http://games.crossfit.com/athlete/334893,101,North Central 16,3,Accepted
Kevin Schuetz,http://games.crossfit.com/athlete/22689,101,North Central 17,3,Accepted
Andrew Hiller,http://games.crossfit.com/athlete/246430,101,North Central 18,3,Accepted
Nick Graham,http://games.crossfit.com/athlete/413679,101,North Central 19,3,Accepted
Brendan Willis,http://games.crossfit.com/athlete/148509,101,North Central 20,3,Accepted
Nate Dunfee,http://games.crossfit.com/athlete/19513,101,North Central 21,3,Accepted
Patrick Vellner,http://games.crossfit.com/athlete/158264,101,Canada East 1,4,Accepted
Paul Tremblay,http://games.crossfit.com/athlete/8356,101,Canada East 2,4,Accepted
Alex Vigneault,http://games.crossfit.com/athlete/180541,101,Canada East 3,4,Accepted
Simon Paquette,http://games.crossfit.com/athlete/19941,101,Canada East 4,4,Accepted
Albert-Dominic Larouche,http://games.crossfit.com/athlete/49510,101,Canada East 5,4,Accepted
Nicolas Leblanc,http://games.crossfit.com/athlete/100299,101,Canada East 6,4,Accepted
Maxime Roy De Sylva,http://games.crossfit.com/athlete/38681,101,Canada East 7,4,Accepted
Daniel Viger,http://games.crossfit.com/athlete/92926,101,Canada East 8,4,Accepted
Alexandre Caron,http://games.crossfit.com/athlete/251546,101,Canada East 9,4,Accepted
Marc-André Ferris,http://games.crossfit.com/athlete/109318,101,Canada East 10,4,Team
Kyle Cant,http://games.crossfit.com/athlete/209828,101,Canada East 11,4,Accepted
daniel latour,http://games.crossfit.com/athlete/178623,101,Canada East 12,4,Accepted
Brandon Crump,http://games.crossfit.com/athlete/16374,101,Canada East 13,4,Team
Josh Gervais,http://games.crossfit.com/athlete/457623,101,Canada East 14,4,Accepted
Olivier Donais,http://games.crossfit.com/athlete/107301,101,Canada East 15,4,Accepted
Steve Briscoe,http://games.crossfit.com/athlete/179668,101,Canada East 16,4,Accepted
Chris Cristini,http://games.crossfit.com/athlete/115897,101,Canada East 17,4,Team
Gabriel Bussieres,http://games.crossfit.com/athlete/105458,101,Canada East 18,4,Team
Charles Felx Leduc,http://games.crossfit.com/athlete/587816,101,Canada East 19,4,Accepted
Jonathan Cayer,http://games.crossfit.com/athlete/244172,101,Canada East 20,4,Accepted
Reza Mashkoori,http://games.crossfit.com/athlete/5538,101,Canada East 21,4,Accepted
Dan Bosco,http://games.crossfit.com/athlete/9124,101,Canada East 22,4,Accepted
Andrick Fournier,http://games.crossfit.com/athlete/246030,101,Canada East 23,4,Accepted
Peter Shaw,http://games.crossfit.com/athlete/182565,101,Canada East 24,4,Accepted
Mathew Fraser,http://games.crossfit.com/athlete/153604,101,North East 1,4,Accepted
Chase Smith,http://games.crossfit.com/athlete/105536,101,North East 2,4,Accepted
Anthony Vazquez,http://games.crossfit.com/athlete/230948,101,North East 3,4,Accepted
Daniel Tyminski,http://games.crossfit.com/athlete/5284,101,North East 4,4,Accepted
Nicholas DelGrande,http://games.crossfit.com/athlete/5456,101,North East 5,4,Accepted
Zachary Moran,http://games.crossfit.com/athlete/485312,101,North East 6,4,Accepted
Austin Malleolo,http://games.crossfit.com/athlete/10169,101,North East 7,4,Accepted
Tim Paulson,http://games.crossfit.com/athlete/20698,101,North East 8,4,Accepted
Tyler Armstrong,http://games.crossfit.com/athlete/117704,101,North East 9,4,Accepted
Sean Fox,http://games.crossfit.com/athlete/97091,101,North East 10,4,Accepted
Joseph Vachon,http://games.crossfit.com/athlete/143331,101,North East 11,4,Accepted
Trevor James,http://games.crossfit.com/athlete/588463,101,North East 12,4,Accepted
Spencer Hendel,http://games.crossfit.com/athlete/50866,101,North East 13,4,Accepted
Corey Lunney,http://games.crossfit.com/athlete/10533,101,North East 14,4,Accepted
James Kozlakowski,http://games.crossfit.com/athlete/506840,101,North East 15,4,Accepted
Michael Palomba,http://games.crossfit.com/athlete/473719,101,North East 16,4,Accepted
Gary Sorrentino,http://games.crossfit.com/athlete/24449,101,North East 17,4,Accepted
Connor Duddy,http://games.crossfit.com/athlete/111592,101,North East 18,4,Accepted
Joe Rogan,http://games.crossfit.com/athlete/233123,101,North East 19,4,Accepted
Austin Spencer,http://games.crossfit.com/athlete/251447,101,North East 20,4,Accepted
Jason Smith,http://games.crossfit.com/athlete/120333,101,Africa 1,5,Accepted
Ruan Duvenage,http://games.crossfit.com/athlete/214252,101,Africa 2,5,Accepted
Mikko Aronpää,http://games.crossfit.com/athlete/10822,101,Africa 3,5,Accepted
Phil Hesketh,http://games.crossfit.com/athlete/3381,101,Africa 4,5,Accepted
Billy Pullen,http://games.crossfit.com/athlete/226472,101,Africa 5,5,Accepted
Alan Foulis,http://games.crossfit.com/athlete/101860,101,Africa 6,5,Accepted
Elliot Simmonds,http://games.crossfit.com/athlete/86089,101,Africa 7,5,Team
ates boran,http://games.crossfit.com/athlete/231921,101,Africa 8,5,Accepted
Severin Irimia,http://games.crossfit.com/athlete/213806,101,Africa 9,5,Accepted
Anže Benko,http://games.crossfit.com/athlete/101812,101,Africa 10,5,Accepted
Mahmood Shalan,http://games.crossfit.com/athlete/574337,101,Africa 11,5,Accepted
Björgvin Karl Guðmundsson,http://games.crossfit.com/athlete/81616,101,Europe 1,5,Accepted
Andrey Ganin,http://games.crossfit.com/athlete/92567,101,Europe 2,5,Accepted
Frederik Aegidius,http://games.crossfit.com/athlete/18543,101,Europe 3,5,Accepted
Stefano Migliorini,http://games.crossfit.com/athlete/34601,101,Europe 4,5,Accepted
Adrian Mundwiler,http://games.crossfit.com/athlete/698182,101,Europe 5,5,Accepted
Hinrik Ingi Óskarsson,http://games.crossfit.com/athlete/81825,101,Europe 6,5,Accepted
Jonne Koski,http://games.crossfit.com/athlete/173837,101,Europe 7,5,Accepted
Steven Fawcett,http://games.crossfit.com/athlete/2559,101,Europe 8,5,Accepted
Lukas Högberg,http://games.crossfit.com/athlete/24309,101,Europe 9,5,Accepted
Bartlomiej Lipka,http://games.crossfit.com/athlete/179080,101,Europe 10,5,Accepted
Casper Gammelmark,http://games.crossfit.com/athlete/230757,101,Europe 11,5,Accepted
Lukas Esslinger,http://games.crossfit.com/athlete/2766,101,Europe 12,5,Accepted
Jonas Mueller,http://games.crossfit.com/athlete/22729,101,Europe 13,5,Accepted
Sigurður Hafsteinn Jónsson,http://games.crossfit.com/athlete/96791,101,Europe 14,5,Accepted
Mitchell Adams,http://games.crossfit.com/athlete/95366,101,Europe 15,5,Accepted
Klaus Hebo Uggerhøj,http://games.crossfit.com/athlete/36298,101,Europe 16,5,Accepted
Maximilian Henze,http://games.crossfit.com/athlete/268629,101,Europe 17,5,Accepted
Marc Ordeig,http://games.crossfit.com/athlete/97382,101,Europe 18,5,Accepted
Sigurður Þrastarson,http://games.crossfit.com/athlete/125959,101,Europe 19,5,Team
Alec Harwood,http://games.crossfit.com/athlete/2435,101,Europe 20,5,Accepted
Lukasz Trzonkowski,http://games.crossfit.com/athlete/157939,101,Europe 21,5,Accepted
Milosz Staworzynski,http://games.crossfit.com/athlete/431440,101,Europe 22,5,Accepted
Mike Bjerregaard,http://games.crossfit.com/athlete/92794,101,Europe 23,5,Accepted
Viktor Långsved,http://games.crossfit.com/athlete/135421,101,Europe 24,5,Accepted
David Shorunke,http://games.crossfit.com/athlete/234569,101,Europe 25,5,Team
Paweł Kozak,http://games.crossfit.com/athlete/101104,101,Europe 26,5,Accepted
Jordan Wallace,http://games.crossfit.com/athlete/13375,101,Europe 27,5,Accepted
Andrea Barbotti,http://games.crossfit.com/athlete/337013,101,Europe 28,5,Accepted
Gianluca Occhino,http://games.crossfit.com/athlete/363577,101,Europe 29,5,Accepted
Oscar Andersson,http://games.crossfit.com/athlete/176812,101,Europe 30,5,Accepted
Jak Cornthwaite,http://games.crossfit.com/athlete/200819,101,Europe 31,5,Accepted
Marcin Szybaj,http://games.crossfit.com/athlete/710714,101,Europe 32,5,Accepted
Eric Carmody,http://games.crossfit.com/athlete/28040,101,Asia 1,6,Accepted
Cameron Currie,http://games.crossfit.com/athlete/3057,101,Asia 2,6,Accepted
Ant Haynes,http://games.crossfit.com/athlete/23655,101,Asia 3,6,Accepted
Carlos Albaladejo,http://games.crossfit.com/athlete/41519,101,Asia 4,6,Accepted
JiMoo Son,http://games.crossfit.com/athlete/278578,101,Asia 5,6,Accepted
Fiodor Serkov,http://games.crossfit.com/athlete/21447,101,Asia 6,6,Accepted
Zach Morton-Adair,http://games.crossfit.com/athlete/42857,101,Asia 7,6,Accepted
Sul Min Choi,http://games.crossfit.com/athlete/34149,101,Asia 8,6,Accepted
YooSik Kim,http://games.crossfit.com/athlete/101057,101,Asia 9,6,Accepted
Michael Mogard,http://games.crossfit.com/athlete/21658,101,Asia 10,6,Accepted
Kyle Frankenfeld,http://games.crossfit.com/athlete/18670,101,Australia 1,6,Accepted
Rob Forte,http://games.crossfit.com/athlete/7285,101,Australia 2,6,Accepted
Luke Fiso,http://games.crossfit.com/athlete/221436,101,Australia 3,6,Accepted
Khan Porter,http://games.crossfit.com/athlete/105874,101,Australia 4,6,Accepted
James Newbury,http://games.crossfit.com/athlete/16080,101,Australia 5,6,Accepted
Ricky Garard,http://games.crossfit.com/athlete/40955,101,Australia 6,6,Accepted
Zeke Grove,http://games.crossfit.com/athlete/180106,101,Australia 7,6,Accepted
Tom Lengyel,http://games.crossfit.com/athlete/310227,101,Australia 8,6,Accepted
Jordan Bender,http://games.crossfit.com/athlete/6226,101,Australia 9,6,Accepted
Michael Mikaere,http://games.crossfit.com/athlete/7582,101,Australia 10,6,Accepted
Mason Doherty,http://games.crossfit.com/athlete/1888,101,Australia 11,6,Accepted
Mitchell Sinnamon,http://games.crossfit.com/athlete/284801,101,Australia 12,6,Accepted
Patrick Fitzsimons,http://games.crossfit.com/athlete/2705,101,Australia 13,6,Accepted
Brandon Swan,http://games.crossfit.com/athlete/7314,101,Australia 14,6,Accepted
Kosta Ilic,http://games.crossfit.com/athlete/694876,101,Australia 15,6,Accepted
Hayden LaVanda,http://games.crossfit.com/athlete/21321,101,Australia 16,6,Accepted
Luke McMahon,http://games.crossfit.com/athlete/113516,101,Australia 17,6,Accepted
Joel Munro,http://games.crossfit.com/athlete/97209,101,Australia 18,6,Accepted
Chris Hogan,http://games.crossfit.com/athlete/8522,101,Australia 19,6,Accepted
Kevin Manuel,http://games.crossfit.com/athlete/147770,101,Australia 20,6,Accepted
Chase Frankenfeld,http://games.crossfit.com/athlete/127372,101,Australia 21,6,Accepted
Michael Gillum,http://games.crossfit.com/athlete/10712,101,Australia 22,6,Accepted
Dan Clarkson,http://games.crossfit.com/athlete/227390,101,Australia 23,6,Accepted
Matt Mcleod,http://games.crossfit.com/athlete/236486,101,Australia 24,6,Accepted
Ryan Woodall,http://games.crossfit.com/athlete/252953,101,Australia 25,6,Accepted
adam mansy,http://games.crossfit.com/athlete/114242,101,Australia 26,6,Accepted
Dylan Mitai,http://games.crossfit.com/athlete/129340,101,Australia 27,6,Team
Raphael Freedman,http://games.crossfit.com/athlete/134967,101,Australia 28,6,Accepted
Sean Brickwood,http://games.crossfit.com/athlete/151229,101,Australia 29,6,Accepted
Brendan Clarke,http://games.crossfit.com/athlete/21051,101,Australia 30,6,Accepted
Haydn Wolfsbauer,http://games.crossfit.com/athlete/107150,101,Australia 31,6,Accepted
Santiago Ficcadenti,http://games.crossfit.com/athlete/289047,101,Latin America 1,7,Team
Franco Cozzi,http://games.crossfit.com/athlete/486498,101,Latin America 2,7,Team
Ivan Gaitan,http://games.crossfit.com/athlete/489763,101,Latin America 3,7,Team
Gonzalo Duro,http://games.crossfit.com/athlete/488667,101,Latin America 4,7,Accepted
Alan Garcia,http://games.crossfit.com/athlete/80076,101,Latin America 5,7,Accepted
Artur Machado,http://games.crossfit.com/athlete/69957,101,Latin America 6,7,Accepted
Mauro Calvete,http://games.crossfit.com/athlete/255757,101,Latin America 7,7,Accepted
Anderon Primo,http://games.crossfit.com/athlete/169360,101,Latin America 8,7,Accepted
Guilherme Domingues,http://games.crossfit.com/athlete/164978,101,Latin America 9,7,Accepted
Juan Cruz Sartori,http://games.crossfit.com/athlete/2220,101,Latin America 10,7,Accepted
Pablo Haber,http://games.crossfit.com/athlete/527779,101,Latin America 11,7,Team
Batuque Iribarren,http://games.crossfit.com/athlete/546254,101,Latin America 12,7,Accepted
Joel Bran,http://games.crossfit.com/athlete/138674,101,Latin America 13,7,Accepted
Gabriel Fung,http://games.crossfit.com/athlete/532996,101,Latin America 14,7,Accepted
Travis Williams,http://games.crossfit.com/athlete/14960,101,South Central 1,7,Accepted
Jordan Cook,http://games.crossfit.com/athlete/111574,101,South Central 2,7,Accepted
Josh Littauer,http://games.crossfit.com/athlete/104553,101,South Central 3,7,Accepted
Roy Gamboa,http://games.crossfit.com/athlete/95022,101,South Central 4,7,Accepted
Logan Collins,http://games.crossfit.com/athlete/123764,101,South Central 5,7,Accepted
Taylor Domengeaux,http://games.crossfit.com/athlete/14599,101,South Central 6,7,Accepted
Matt Morton,http://games.crossfit.com/athlete/464427,101,South Central 7,7,Accepted
Will Bennett,http://games.crossfit.com/athlete/348805,101,South Central 8,7,Accepted
Orion Hones,http://games.crossfit.com/athlete/314796,101,South Central 9,7,Team
Joseph Guesnier,http://games.crossfit.com/athlete/95767,101,South Central 10,7,Accepted
Jacob Theriot,http://games.crossfit.com/athlete/3401,101,South Central 11,7,Team
Cameron Willson,http://games.crossfit.com/athlete/9413,101,South Central 12,7,Accepted
Kendall Kersey,http://games.crossfit.com/athlete/6102,101,South Central 13,7,Accepted
Ryan Bender,http://games.crossfit.com/athlete/75499,101,South Central 14,7,Accepted
Richard Bohlken,http://games.crossfit.com/athlete/131845,101,South Central 15,7,Accepted
Jared Astle,http://games.crossfit.com/athlete/119750,101,South Central 16,7,Accepted
Jason Hoggan,http://games.crossfit.com/athlete/5718,101,South Central 17,7,Accepted
Chris Reed,http://games.crossfit.com/athlete/293468,101,South Central 18,7,Accepted
Alejandro Valenzuela,http://games.crossfit.com/athlete/240670,101,South Central 19,7,Accepted
Marco Coppola,http://games.crossfit.com/athlete/5189,101,South Central 20,7,Team
Stephano Tsaganis,http://games.crossfit.com/athlete/107560,101,South Central 21,7,Accepted
Giovanni Contreras,http://games.crossfit.com/athlete/163121,101,South Central 22,7,Team
Phillip Guillot,http://games.crossfit.com/athlete/137942,101,South Central 23,7,Team
Justin Murphy,http://games.crossfit.com/athlete/237569,101,South Central 24,7,Accepted
Cody Spell,http://games.crossfit.com/athlete/3516,101,South Central 25,7,Team
Sean Sweeney,http://games.crossfit.com/athlete/134617,101,South West 1,7,Accepted
Tommy Vinas,http://games.crossfit.com/athlete/533026,101,South West 2,7,Accepted
Chantz Ramos,http://games.crossfit.com/athlete/243568,101,South West 3,7,Accepted
David Richman,http://games.crossfit.com/athlete/177611,101,South West 4,7,Accepted
Nik Hecht,http://games.crossfit.com/athlete/111024,101,South West 5,7,Accepted
Adrian Conway,http://games.crossfit.com/athlete/10484,101,South West 6,7,Accepted
Jorge Aragon,http://games.crossfit.com/athlete/19599,101,South West 7,7,Accepted
Ryan Laframboise,http://games.crossfit.com/athlete/319306,101,South West 8,7,Accepted
Will Trujillo,http://games.crossfit.com/athlete/26106,101,South West 9,7,Accepted
Justin Jindra,http://games.crossfit.com/athlete/204450,101,South West 10,7,Accepted
Lance Castle,http://games.crossfit.com/athlete/95473,101,South West 11,7,Accepted
Marcos Rivera,http://games.crossfit.com/athlete/131827,101,South West 12,7,Team
Justin Fallon,http://games.crossfit.com/athlete/17857,101,South West 13,7,Accepted
Kyle Boyer,http://games.crossfit.com/athlete/27814,101,South West 14,7,Accepted
Elijah Muhammad,http://games.crossfit.com/athlete/165705,101,South West 15,7,Accepted
Zachary Forrest,http://games.crossfit.com/athlete/10593,101,South West 16,7,Team
Dustin Harth,http://games.crossfit.com/athlete/118886,101,South West 17,7,Accepted
Dayton Smith,http://games.crossfit.com/athlete/138292,101,South West 18,7,Accepted
Jared Enderton,http://games.crossfit.com/athlete/290550,101,South West 19,7,Accepted
Nick Shafer,http://games.crossfit.com/athlete/175079,101,South West 20,7,Accepted
Chris Hoppe,http://games.crossfit.com/athlete/101241,101,South West 21,7,Team
Chris Spealler,http://games.crossfit.com/athlete/27065,101,South West 22,7,Declined
Josh Petlowany,http://games.crossfit.com/athlete/320141,101,South West 23,7,Accepted
Scott Stalling,http://games.crossfit.com/athlete/242535,101,South West 24,7,Declined
Brent Fikowski,http://games.crossfit.com/athlete/107101,101,Canada West 1,8,Accepted
Jonathan Gibson,http://games.crossfit.com/athlete/105058,101,Canada West 2,8,Accepted
Adam Davidson,http://games.crossfit.com/athlete/70335,101,Canada West 3,8,Accepted
Lucas Parker,http://games.crossfit.com/athlete/38209,101,Canada West 4,8,Accepted
Kurt Baker,http://games.crossfit.com/athlete/96150,101,Canada West 5,8,Accepted
Josh kapacila,http://games.crossfit.com/athlete/6174,101,Canada West 6,8,Accepted
Robbie Perovich,http://games.crossfit.com/athlete/252855,101,Canada West 7,8,Accepted
Aaron Parker,http://games.crossfit.com/athlete/22394,101,Canada West 8,8,Accepted
Connor Vale,http://games.crossfit.com/athlete/12412,101,Canada West 9,8,Accepted
Jeffrey Hajner,http://games.crossfit.com/athlete/111607,101,Canada West 10,8,Accepted
Zack McMillan,http://games.crossfit.com/athlete/111643,101,Canada West 11,8,Accepted
Nathan Beveridge,http://games.crossfit.com/athlete/7190,101,Canada West 12,8,Team
Tyson Takasaki,http://games.crossfit.com/athlete/53824,101,Canada West 13,8,Accepted
Alex Cox,http://games.crossfit.com/athlete/233967,101,Canada West 14,8,Accepted
Jeremy Meredith,http://games.crossfit.com/athlete/5296,101,Canada West 15,8,Accepted
Chris Vienneau,http://games.crossfit.com/athlete/27097,101,Canada West 16,8,Accepted
Olek Kubicki,http://games.crossfit.com/athlete/11213,101,Canada West 17,8,Accepted
Terrence Limbert,http://games.crossfit.com/athlete/106493,101,Canada West 18,8,Accepted
Marlon Azurdia,http://games.crossfit.com/athlete/286311,101,Canada West 19,8,Accepted
Reilly McMorris,http://games.crossfit.com/athlete/39160,101,Canada West 20,8,Team
Josh White,http://games.crossfit.com/athlete/490187,101,Canada West 21,8,Accepted
Jarrett Cherepak,http://games.crossfit.com/athlete/135265,101,Canada West 22,8,Team
Matt Baron,http://games.crossfit.com/athlete/259750,101,Canada West 23,8,Accepted
Samuel Kwant,http://games.crossfit.com/athlete/74320,101,North West 1,8,Accepted
Mitchel Stevenson,http://games.crossfit.com/athlete/323300,101,North West 2,8,Accepted
Allan Dunlap,http://games.crossfit.com/athlete/119182,101,North West 3,8,Accepted
Mitch Wagner,http://games.crossfit.com/athlete/240482,101,North West 4,8,Accepted
Ben Stoneberg,http://games.crossfit.com/athlete/30740,101,North West 5,8,Accepted
Aaron Carlson,http://games.crossfit.com/athlete/792889,101,North West 6,8,Accepted
Cody Anderson,http://games.crossfit.com/athlete/19269,101,North West 7,8,Accepted
Travis Mead,http://games.crossfit.com/athlete/105875,101,North West 8,8,Accepted
Joe Silvestri,http://games.crossfit.com/athlete/15414,101,North West 9,8,Accepted
Brenden Loyer,http://games.crossfit.com/athlete/3269,101,North West 10,8,Accepted
Cole Sager,http://games.crossfit.com/athlete/153625,101,North West 11,8,Accepted
Pete Barner,http://games.crossfit.com/athlete/100939,101,North West 12,8,Accepted
Adam Neiffer,http://games.crossfit.com/athlete/11209,101,North West 13,8,Team
Teanu Rickard,http://games.crossfit.com/athlete/95106,101,North West 14,8,Accepted
Ryan Smith,http://games.crossfit.com/athlete/8661,101,North West 15,8,Accepted
Ryan Swobody,http://games.crossfit.com/athlete/8797,101,North West 16,8,Team
George Sanchez,http://games.crossfit.com/athlete/143996,101,North West 17,8,Team
Richard Cabigon,http://games.crossfit.com/athlete/259711,101,North West 18,8,Accepted
Bryan Weed,http://games.crossfit.com/athlete/27657,101,North West 19,8,Team
Nick Thomas,http://games.crossfit.com/athlete/242732,101,North West 20,8,Accepted
Kaylor Hasbargen,http://games.crossfit.com/athlete/42385,101,North West 21,8,Accepted
Apollo Lewis,http://games.crossfit.com/athlete/250055,101,North West 22,8,Accepted
Mathew Hornung,http://games.crossfit.com/athlete/314160,101,North West 23,8,Team
Eric Showman,http://games.crossfit.com/athlete/342398,101,North West 24,8,Accepted
Derick Shoda,http://games.crossfit.com/athlete/146341,101,North West 25,8,Accepted
Caroline Dardini,http://games.crossfit.com/athlete/117591,201,Mid Atlantic 1,1,Accepted
Alea Helmick,http://games.crossfit.com/athlete/134076,201,Mid Atlantic 2,1,Accepted
Anna Tunnicliffe,http://games.crossfit.com/athlete/9440,201,Mid Atlantic 3,1,Accepted
Christy Adkins,http://games.crossfit.com/athlete/9121,201,Mid Atlantic 4,1,Accepted
Meredith Buckner,http://games.crossfit.com/athlete/148485,201,Mid Atlantic 5,1,Accepted
Meg Reardon,http://games.crossfit.com/athlete/115892,201,Mid Atlantic 6,1,Accepted
Teresa Luz,http://games.crossfit.com/athlete/44509,201,Mid Atlantic 7,1,Team
Darian Sperry,http://games.crossfit.com/athlete/164172,201,Mid Atlantic 8,1,Accepted
Rachel Krumm,http://games.crossfit.com/athlete/65649,201,Mid Atlantic 9,1,Accepted
Andrea Thurlow,http://games.crossfit.com/athlete/167556,201,Mid Atlantic 10,1,Accepted
Cara Lutzow,http://games.crossfit.com/athlete/1859,201,Mid Atlantic 11,1,Accepted
Madi Mansberger,http://games.crossfit.com/athlete/11865,201,Mid Atlantic 12,1,Team
Rachel Weiss,http://games.crossfit.com/athlete/120390,201,Mid Atlantic 13,1,Accepted
Jaimie Byerly,http://games.crossfit.com/athlete/249631,201,Mid Atlantic 14,1,Team
Jordan Adcock,http://games.crossfit.com/athlete/160700,201,Mid Atlantic 15,1,Accepted
Paige Henry,http://games.crossfit.com/athlete/13179,201,Mid Atlantic 16,1,Team
Elise Robeson,http://games.crossfit.com/athlete/11238,201,Mid Atlantic 17,1,Team
Gia O'Keefe,http://games.crossfit.com/athlete/5681,201,Mid Atlantic 18,1,Team
Adele Willis,http://games.crossfit.com/athlete/249007,201,Mid Atlantic 19,1,Accepted
Brittany Weiss,http://games.crossfit.com/athlete/322048,201,Mid Atlantic 20,1,Accepted
Lindsey Jacoby,http://games.crossfit.com/athlete/118519,201,Mid Atlantic 21,1,Accepted
Jennifer Butler,http://games.crossfit.com/athlete/45940,201,Mid Atlantic 22,1,Team
Brittney Kortz,http://games.crossfit.com/athlete/48072,201,Mid Atlantic 23,1,Team
Julie Hamilton,http://games.crossfit.com/athlete/13073,201,Mid Atlantic 24,1,Team
Rachel Doucet,http://games.crossfit.com/athlete/7185,201,Mid Atlantic 25,1,Accepted
Kim Cocce,http://games.crossfit.com/athlete/37849,201,Mid Atlantic 26,1,Accepted
Kayla Smith,http://games.crossfit.com/athlete/234498,201,Mid Atlantic 27,1,Team
Paige Semenza,http://games.crossfit.com/athlete/531598,201,Mid Atlantic 29,1,Accepted
Corrine Check,http://games.crossfit.com/athlete/113735,201,Mid Atlantic 30,1,Accepted
Emily Bridgers,http://games.crossfit.com/athlete/4925,201,South East 1,1,Accepted
Cassidy Lance,http://games.crossfit.com/athlete/123582,201,South East 2,1,Accepted
Sarabeth Phillips,http://games.crossfit.com/athlete/36285,201,South East 3,1,Accepted
Melisa Alonso,http://games.crossfit.com/athlete/35398,201,South East 4,1,Team
Kaleena Ladeairous,http://games.crossfit.com/athlete/11215,201,South East 5,1,Accepted
Danielle Lopiz,http://games.crossfit.com/athlete/53016,201,South East 6,1,Team
Breona Evans,http://games.crossfit.com/athlete/99140,201,South East 7,1,Accepted
Monique Williams,http://games.crossfit.com/athlete/238601,201,South East 8,1,Team
Chasity Snowden,http://games.crossfit.com/athlete/299210,201,South East 9,1,Accepted
Brooke Haas,http://games.crossfit.com/athlete/115239,201,South East 10,1,Team
Lauren Herrera,http://games.crossfit.com/athlete/40052,201,South East 11,1,Team
Kolson Lamb Casey,http://games.crossfit.com/athlete/506332,201,South East 12,1,Accepted
Alanna Fisk,http://games.crossfit.com/athlete/430191,201,South East 13,1,Accepted
Talayna Fortunato,http://games.crossfit.com/athlete/11279,201,South East 14,1,Accepted
Jen Hauser,http://games.crossfit.com/athlete/50423,201,South East 15,1,Team
Colleen Lehane,http://games.crossfit.com/athlete/27310,201,South East 16,1,Team
Jaci Cale,http://games.crossfit.com/athlete/59513,201,South East 17,1,Team
Alison Scudds,http://games.crossfit.com/athlete/152663,201,South East 18,1,Accepted
Lauren Weeks,http://games.crossfit.com/athlete/318830,201,South East 19,1,Accepted
Elizabeth Parry,http://games.crossfit.com/athlete/105519,201,South East 20,1,Accepted
Sarah Franklin,http://games.crossfit.com/athlete/784377,201,South East 21,1,Team
Michelle Egred,http://games.crossfit.com/athlete/318791,201,South East 22,1,Accepted
Brittany Rowland,http://games.crossfit.com/athlete/256137,201,South East 23,1,Accepted
Rachel Sanders,http://games.crossfit.com/athlete/444381,201,South East 24,1,Team
Amy Hagler,http://games.crossfit.com/athlete/69199,201,South East 25,1,Accepted
Stacey Konstantinov,http://games.crossfit.com/athlete/100871,201,South East 26,1,Team
Hannah Richards,http://games.crossfit.com/athlete/5277,201,South East 27,1,Accepted
Abbey Wilkins,http://games.crossfit.com/athlete/16416,201,South East 28,1,Accepted
Katie Colucci,http://games.crossfit.com/athlete/20691,201,South East 29,1,Accepted
Alison Stall,http://games.crossfit.com/athlete/290824,201,South East 30,1,Accepted
Jenna Larson,http://games.crossfit.com/athlete/226482,201,South East 32,1,Accepted
Kirsten Pedri,http://games.crossfit.com/athlete/10760,201,Northern California 1,2,Accepted
Chyna Cho,http://games.crossfit.com/athlete/27975,201,Northern California 2,2,Accepted
Brooke Ence,http://games.crossfit.com/athlete/62554,201,Northern California 3,2,Accepted
Whitney Heuser,http://games.crossfit.com/athlete/10614,201,Northern California 4,2,Team
Colleen Fotsch,http://games.crossfit.com/athlete/245403,201,Northern California 5,2,Accepted
Alessandra Pichelli,http://games.crossfit.com/athlete/37537,201,Northern California 6,2,Accepted
Sarah Pierce,http://games.crossfit.com/athlete/7134,201,Northern California 7,2,Accepted
Elyse Umeda,http://games.crossfit.com/athlete/8342,201,Northern California 8,2,Team
Danielle Brandon,http://games.crossfit.com/athlete/349097,201,Northern California 9,2,Declined
Molly Vollmer,http://games.crossfit.com/athlete/15929,201,Northern California 10,2,Accepted
Annie Sakamoto,http://games.crossfit.com/athlete/295450,201,Northern California 11,2,Declined
Kirstie Subry,http://games.crossfit.com/athlete/96731,201,Northern California 12,2,Accepted
Sarah Loogman,http://games.crossfit.com/athlete/164573,201,Northern California 13,2,Accepted
Lisa Warren,http://games.crossfit.com/athlete/15768,201,Northern California 14,2,Accepted
Briana Gaipa,http://games.crossfit.com/athlete/139298,201,Northern California 15,2,Accepted
Kayla Clark,http://games.crossfit.com/athlete/192291,201,Northern California 16,2,Team
Hilary Steele,http://games.crossfit.com/athlete/245099,201,Northern California 17,2,Accepted
Brittney Blanco,http://games.crossfit.com/athlete/6093,201,Northern California 18,2,Accepted
Valerie Calhoun,http://games.crossfit.com/athlete/113597,201,Northern California 19,2,Accepted
Ashley Albano,http://games.crossfit.com/athlete/136952,201,Northern California 20,2,Accepted
Crista Jorgensen,http://games.crossfit.com/athlete/18766,201,Northern California 21,2,Team
Brianna Lamb,http://games.crossfit.com/athlete/443608,201,Northern California 22,2,Declined
Brittanie Williamson,http://games.crossfit.com/athlete/76439,201,Northern California 23,2,Accepted
Lindsey La Dew,http://games.crossfit.com/athlete/123553,201,Northern California 24,2,Team
Kelly Morlock,http://games.crossfit.com/athlete/15588,201,Northern California 26,2,Accepted
Jen Munro,http://games.crossfit.com/athlete/74518,201,Northern California 27,2,Team
Sarah Hopping Estrella,http://games.crossfit.com/athlete/7237,201,Northern California 28,2,Accepted
Chelsey Grigsby,http://games.crossfit.com/athlete/25320,201,Southern California 1,2,Accepted
Lauren Fisher,http://games.crossfit.com/athlete/19117,201,Southern California 2,2,Accepted
Kristine Andali,http://games.crossfit.com/athlete/109250,201,Southern California 3,2,Accepted
Keston Mendoza,http://games.crossfit.com/athlete/179838,201,Southern California 4,2,Accepted
Jamie Hagiya,http://games.crossfit.com/athlete/196834,201,Southern California 5,2,Accepted
Rebecca Voigt,http://games.crossfit.com/athlete/8015,201,Southern California 6,2,Accepted
Maddy Myers,http://games.crossfit.com/athlete/206640,201,Southern California 7,2,Team
Chelsie Morter,http://games.crossfit.com/athlete/39413,201,Southern California 8,2,Team
Dara Ching,http://games.crossfit.com/athlete/669209,201,Southern California 9,2,Team
Jenn Ryan,http://games.crossfit.com/athlete/51083,201,Southern California 10,2,Accepted
Pamela Eamranond,http://games.crossfit.com/athlete/3684,201,Southern California 11,2,Accepted
Danielle Hale,http://games.crossfit.com/athlete/9559,201,Southern California 12,2,Accepted
Lauren Gravatt,http://games.crossfit.com/athlete/147562,201,Southern California 13,2,Team
Rachel Serna,http://games.crossfit.com/athlete/143824,201,Southern California 14,2,Team
Kristan Clever,http://games.crossfit.com/athlete/36734,201,Southern California 15,2,Accepted
Ashlee Hegner,http://games.crossfit.com/athlete/111393,201,Southern California 16,2,Accepted
Chelsea McKinney,http://games.crossfit.com/athlete/124005,201,Southern California 17,2,Team
Melissa Murphy,http://games.crossfit.com/athlete/13369,201,Southern California 18,2,Team
Brittany Stevens,http://games.crossfit.com/athlete/114160,201,Southern California 19,2,Accepted
Jevon Hetland,http://games.crossfit.com/athlete/240175,201,Southern California 20,2,Accepted
Hayley Montroy,http://games.crossfit.com/athlete/34715,201,Southern California 21,2,Accepted
Tonia Osborne,http://games.crossfit.com/athlete/16964,201,Southern California 22,2,Declined
Tammy Wildgoose,http://games.crossfit.com/athlete/149643,201,Southern California 23,2,Team
Carlie Stone,http://games.crossfit.com/athlete/26770,201,Southern California 24,2,Accepted
Candice Ulibarri,http://games.crossfit.com/athlete/22432,201,Southern California 25,2,Accepted
Catherine Blatner,http://games.crossfit.com/athlete/41075,201,Southern California 26,2,Accepted
Elyse Persico,http://games.crossfit.com/athlete/13802,201,Southern California 27,2,Accepted
Nina Escobedo,http://games.crossfit.com/athlete/259338,201,Southern California 28,2,Accepted
Robin Leafblad,http://games.crossfit.com/athlete/246114,201,Southern California 30,2,Accepted
Kristi Eramo,http://games.crossfit.com/athlete/310687,201,Central East 1,3,Accepted
Jennifer Smith,http://games.crossfit.com/athlete/45491,201,Central East 2,3,Accepted
Anna Rode,http://games.crossfit.com/athlete/5124,201,Central East 3,3,Accepted
Elyse Kile,http://games.crossfit.com/athlete/505934,201,Central East 4,3,Team
Nicole Holcomb,http://games.crossfit.com/athlete/13506,201,Central East 5,3,Accepted
Marcella Morrill,http://games.crossfit.com/athlete/259202,201,Central East 6,3,Accepted
Jenny Borda,http://games.crossfit.com/athlete/102762,201,Central East 7,3,Team
Lacy Baumgart,http://games.crossfit.com/athlete/126590,201,Central East 8,3,Accepted
Mikki Nuccio,http://games.crossfit.com/athlete/97728,201,Central East 9,3,Accepted
Julie Foucher,http://games.crossfit.com/athlete/46243,201,Central East 10,3,Accepted
Jolene Quirke,http://games.crossfit.com/athlete/26745,201,Central East 11,3,Accepted
Lindy Barber,http://games.crossfit.com/athlete/6913,201,Central East 12,3,Team
Brittany Smith,http://games.crossfit.com/athlete/18394,201,Central East 13,3,Accepted
Shannon Zimmerman,http://games.crossfit.com/athlete/7043,201,Central East 14,3,Accepted
Maria Dyas,http://games.crossfit.com/athlete/35453,201,Central East 15,3,Team
Laura Redman,http://games.crossfit.com/athlete/103130,201,Central East 16,3,Accepted
Jessica Martinez,http://games.crossfit.com/athlete/1648,201,Central East 17,3,Accepted
Melissa Doss,http://games.crossfit.com/athlete/111087,201,Central East 18,3,Accepted
Emma Chapman,http://games.crossfit.com/athlete/472971,201,Central East 19,3,Accepted
Marilyn Hopkins,http://games.crossfit.com/athlete/57430,201,Central East 20,3,Team
Kristin Reffett,http://games.crossfit.com/athlete/3605,201,Central East 21,3,Team
Sophia Naum,http://games.crossfit.com/athlete/87776,201,Central East 22,3,Accepted
Erica Spitz,http://games.crossfit.com/athlete/17102,201,Central East 23,3,Team
Meg Allison,http://games.crossfit.com/athlete/518205,201,Central East 24,3,Team
Kyri-Ann Gold,http://games.crossfit.com/athlete/30324,201,Central East 25,3,Team
Lynn Potter,http://games.crossfit.com/athlete/74789,201,Central East 26,3,Team
Ashley Frasier,http://games.crossfit.com/athlete/152212,201,Central East 27,3,Accepted
Chantelle Loehner,http://games.crossfit.com/athlete/709102,201,Central East 28,3,Team
Katelyn Haynes,http://games.crossfit.com/athlete/39130,201,Central East 29,3,Accepted
Stacie Tovar,http://games.crossfit.com/athlete/5512,201,North Central 1,3,Accepted
Brooke Wells,http://games.crossfit.com/athlete/168305,201,North Central 2,3,Accepted
Kelley Jackson,http://games.crossfit.com/athlete/12336,201,North Central 3,3,Team
Mekenzie Riley,http://games.crossfit.com/athlete/93497,201,North Central 4,3,Team
Kristin Miller,http://games.crossfit.com/athlete/3215,201,North Central 5,3,Accepted
Megan Scales,http://games.crossfit.com/athlete/126964,201,North Central 6,3,Accepted
Becca Chilczenkowski,http://games.crossfit.com/athlete/9994,201,North Central 7,3,Declined
Sheila Barden,http://games.crossfit.com/athlete/23856,201,North Central 8,3,Accepted
Bridget Erickson,http://games.crossfit.com/athlete/95635,201,North Central 9,3,Accepted
Kelly Wild,http://games.crossfit.com/athlete/164778,201,North Central 10,3,Team
Maggie Kerrigan,http://games.crossfit.com/athlete/244032,201,North Central 11,3,Team
Jessica Griffith,http://games.crossfit.com/athlete/254313,201,North Central 12,3,Team
Nina Arezina,http://games.crossfit.com/athlete/6989,201,North Central 13,3,Accepted
Jessica Schwartz,http://games.crossfit.com/athlete/128857,201,North Central 14,3,Accepted
Madison Freeman,http://games.crossfit.com/athlete/119930,201,North Central 15,3,Team
Jennifer Nobis-Dancer,http://games.crossfit.com/athlete/93606,201,North Central 16,3,Accepted
Elisabeth Akinwale,http://games.crossfit.com/athlete/7965,201,North Central 17,3,Accepted
Andrea Nisler,http://games.crossfit.com/athlete/109085,201,North Central 18,3,Team
Kara Paslay,http://games.crossfit.com/athlete/54697,201,North Central 19,3,Accepted
Karla Solum,http://games.crossfit.com/athlete/132729,201,North Central 20,3,Accepted
Tristan Erlenbaugh,http://games.crossfit.com/athlete/36394,201,North Central 21,3,Accepted
Taylor Streid,http://games.crossfit.com/athlete/235110,201,North Central 22,3,Accepted
Natalie Sutter,http://games.crossfit.com/athlete/253418,201,North Central 23,3,Accepted
Tracy Alberty,http://games.crossfit.com/athlete/8810,201,North Central 24,3,Accepted
Ashley Carlson,http://games.crossfit.com/athlete/719004,201,North Central 25,3,Accepted
Nicole Chovan,http://games.crossfit.com/athlete/274725,201,North Central 26,3,Accepted
Kristin King,http://games.crossfit.com/athlete/11210,201,North Central 27,3,Accepted
Jessica Grondahl,http://games.crossfit.com/athlete/14695,201,North Central 28,3,Accepted
Michele Letendre,http://games.crossfit.com/athlete/3407,201,Canada East 1,4,Accepted
Carol-Ann Reason-Thibault,http://games.crossfit.com/athlete/103389,201,Canada East 2,4,Accepted
Maude Charron,http://games.crossfit.com/athlete/123908,201,Canada East 3,4,Accepted
Laura Hosier,http://games.crossfit.com/athlete/107627,201,Canada East 4,4,Team
Chloe Gauvin-David,http://games.crossfit.com/athlete/236779,201,Canada East 5,4,Accepted
Manon Lesur,http://games.crossfit.com/athlete/264813,201,Canada East 6,4,Accepted
Ashley Werner,http://games.crossfit.com/athlete/2813,201,Canada East 7,4,Accepted
Carolyne Prevost,http://games.crossfit.com/athlete/239148,201,Canada East 8,4,Accepted
Stephanie Roy,http://games.crossfit.com/athlete/15182,201,Canada East 9,4,Team
Julie Nadeau,http://games.crossfit.com/athlete/5832,201,Canada East 10,4,Team
Leann Lapp,http://games.crossfit.com/athlete/32428,201,Canada East 11,4,Accepted
Leigha Dean,http://games.crossfit.com/athlete/196859,201,Canada East 12,4,Accepted
Kendra Johnsen,http://games.crossfit.com/athlete/3868,201,Canada East 13,4,Accepted
Pam Anstey,http://games.crossfit.com/athlete/125740,201,Canada East 14,4,Accepted
Sacha Adkins,http://games.crossfit.com/athlete/7074,201,Canada East 15,4,Team
Raquel Rodriguez,http://games.crossfit.com/athlete/3416,201,Canada East 16,4,Team
Karine Shrum,http://games.crossfit.com/athlete/116926,201,Canada East 17,4,Accepted
Annie-Pier Ricard,http://games.crossfit.com/athlete/302397,201,Canada East 18,4,Accepted
Jasmine Sheehan,http://games.crossfit.com/athlete/82284,201,Canada East 19,4,Team
Shanna Dawley,http://games.crossfit.com/athlete/57034,201,Canada East 20,4,Accepted
Marie-Emilie Perreault,http://games.crossfit.com/athlete/33480,201,Canada East 21,4,Team
Alice Guérin,http://games.crossfit.com/athlete/287152,201,Canada East 22,4,Team
Ashley Smith,http://games.crossfit.com/athlete/92814,201,Canada East 23,4,Accepted
Abigail Guerrero,http://games.crossfit.com/athlete/231032,201,Canada East 24,4,Accepted
Holly Ada McIlroy,http://games.crossfit.com/athlete/3619,201,Canada East 25,4,Team
Sonia Hurtubise,http://games.crossfit.com/athlete/144190,201,Canada East 26,4,Accepted
Michelle Basu Roy,http://games.crossfit.com/athlete/186689,201,Canada East 28,4,Accepted
Kim Chartrand,http://games.crossfit.com/athlete/145135,201,Canada East 29,4,Team
Amélie Verret,http://games.crossfit.com/athlete/252989,201,Canada East 30,4,Accepted
Katrin Tanja Davidsdottir,http://games.crossfit.com/athlete/55121,201,North East 1,4,Accepted
Kari Pearce,http://games.crossfit.com/athlete/305891,201,North East 2,4,Accepted
Sarah Scholl,http://games.crossfit.com/athlete/23578,201,North East 3,4,Accepted
Tasia Percevecz,http://games.crossfit.com/athlete/149475,201,North East 4,4,Accepted
Chelsey Hughes,http://games.crossfit.com/athlete/189706,201,North East 5,4,Accepted
Cheryl Nasso,http://games.crossfit.com/athlete/9759,201,North East 6,4,Accepted
Kaitlyn Brierley,http://games.crossfit.com/athlete/96114,201,North East 7,4,Accepted
Emmy Simpkins,http://games.crossfit.com/athlete/25190,201,North East 8,4,Accepted
Marisa Hardy,http://games.crossfit.com/athlete/308404,201,North East 9,4,Accepted
Whitney Gelin,http://games.crossfit.com/athlete/110918,201,North East 10,4,Accepted
Dani Horan,http://games.crossfit.com/athlete/3200,201,North East 11,4,Accepted
Kristine Best,http://games.crossfit.com/athlete/280780,201,North East 12,4,Accepted
Rachel Goldenberg,http://games.crossfit.com/athlete/112252,201,North East 13,4,Team
Andrea Ager,http://games.crossfit.com/athlete/34182,201,North East 14,4,Team
Heather Soukas,http://games.crossfit.com/athlete/97795,201,North East 15,4,Accepted
Jessa Lemoine,http://games.crossfit.com/athlete/122922,201,North East 16,4,Team
Megin Oczkowski,http://games.crossfit.com/athlete/6091,201,North East 17,4,Accepted
Stacey Kroon,http://games.crossfit.com/athlete/122816,201,North East 18,4,Accepted
Tiffany Szemplinski,http://games.crossfit.com/athlete/52662,201,North East 19,4,Accepted
Elizabeth Adams,http://games.crossfit.com/athlete/11988,201,North East 20,4,Accepted
Claudia Vazquez,http://games.crossfit.com/athlete/112949,201,North East 21,4,Accepted
Ashleigh Cornell,http://games.crossfit.com/athlete/255576,201,North East 22,4,Team
Siobhan Blancaflor,http://games.crossfit.com/athlete/342769,201,North East 23,4,Accepted
Sarah Mitzel,http://games.crossfit.com/athlete/2932,201,North East 25,4,Accepted
Jamie Greene,http://games.crossfit.com/athlete/264512,201,Africa 1,5,Team
Tamarind Robinson,http://games.crossfit.com/athlete/259885,201,Africa 2,5,Team
Carmen Bosmans,http://games.crossfit.com/athlete/103617,201,Africa 3,5,Accepted
Emilia Leppänen,http://games.crossfit.com/athlete/39517,201,Africa 4,5,Accepted
Maria Åkerlund,http://games.crossfit.com/athlete/272273,201,Africa 5,5,Accepted
Steph Chung,http://games.crossfit.com/athlete/387995,201,Africa 6,5,Accepted
Johanni Hugo,http://games.crossfit.com/athlete/289559,201,Africa 7,5,Accepted
Marlene Andersson,http://games.crossfit.com/athlete/17329,201,Africa 8,5,Accepted
Laura Hughes,http://games.crossfit.com/athlete/284277,201,Africa 9,5,Accepted
Mary Jamieson,http://games.crossfit.com/athlete/110783,201,Africa 10,5,Accepted
Celestie Engelbrecht,http://games.crossfit.com/athlete/101492,201,Africa 11,5,Accepted
Ulrike Glöckner,http://games.crossfit.com/athlete/262577,201,Africa 12,5,Accepted
Samantha Briggs,http://games.crossfit.com/athlete/2536,201,Europe 1,5,Accepted
Ragnheiður Sara Sigmundsdottir,http://games.crossfit.com/athlete/8859,201,Europe 2,5,Accepted
Julie Abildgaard,http://games.crossfit.com/athlete/275395,201,Europe 3,5,Team
Annie Thorisdottir,http://games.crossfit.com/athlete/18588,201,Europe 4,5,Accepted
Emma McQuaid,http://games.crossfit.com/athlete/239442,201,Europe 5,5,Accepted
Kristin Holte,http://games.crossfit.com/athlete/120480,201,Europe 6,5,Accepted
Anna Fragkou,http://games.crossfit.com/athlete/252900,201,Europe 7,5,Accepted
Oddrun Eik Gylfadottir,http://games.crossfit.com/athlete/96750,201,Europe 8,5,Team
Martina Barbaro,http://games.crossfit.com/athlete/7290,201,Europe 9,5,Accepted
Thuridur Erla Helgadottir,http://games.crossfit.com/athlete/19501,201,Europe 10,5,Accepted
Sara Armanius,http://games.crossfit.com/athlete/148444,201,Europe 11,5,Accepted
Mikaela Norman,http://games.crossfit.com/athlete/143139,201,Europe 12,5,Accepted
Megan Lovegrove,http://games.crossfit.com/athlete/51125,201,Europe 13,5,Accepted
Camilla Salomonsson Hellman,http://games.crossfit.com/athlete/2088,201,Europe 14,5,Team
Steph Dekker,http://games.crossfit.com/athlete/120359,201,Europe 15,5,Team
Charlotte Spence,http://games.crossfit.com/athlete/514514,201,Europe 16,5,Accepted
Helena Falk,http://games.crossfit.com/athlete/129306,201,Europe 17,5,Team
Jo Caulton,http://games.crossfit.com/athlete/242633,201,Europe 18,5,Accepted
Emma Rosengren,http://games.crossfit.com/athlete/149209,201,Europe 19,5,Declined
Sanne Rooijmans,http://games.crossfit.com/athlete/107313,201,Europe 20,5,Accepted
Jayne Eadie,http://games.crossfit.com/athlete/248645,201,Europe 21,5,Accepted
Amanda Fränden,http://games.crossfit.com/athlete/802676,201,Europe 22,5,Team
Laura Horvath,http://games.crossfit.com/athlete/591912,201,Europe 23,5,Accepted
Andrea Solberg,http://games.crossfit.com/athlete/466656,201,Europe 24,5,Team
Jacqueline Dahlstrøm,http://games.crossfit.com/athlete/299053,201,Europe 25,5,Accepted
Karin Dike,http://games.crossfit.com/athlete/185523,201,Europe 26,5,Accepted
Aneta Saulichova,http://games.crossfit.com/athlete/109933,201,Europe 27,5,Accepted
Eva Cortiella,http://games.crossfit.com/athlete/120538,201,Europe 28,5,Accepted
Rita García,http://games.crossfit.com/athlete/309246,201,Europe 29,5,Accepted
Ursula Fasel,http://games.crossfit.com/athlete/290001,201,Europe 30,5,Team
Caroline Gustafsson,http://games.crossfit.com/athlete/593493,201,Europe 31,5,Accepted
Andrea Berggren,http://games.crossfit.com/athlete/95432,201,Europe 32,5,Accepted
Hjördís Óskarsdóttir,http://games.crossfit.com/athlete/30824,201,Europe 33,5,Team
Lucy Majury,http://games.crossfit.com/athlete/264664,201,Europe 34,5,Accepted
Fran Calvert,http://games.crossfit.com/athlete/121292,201,Europe 35,5,Accepted
Rebecca Clark,http://games.crossfit.com/athlete/41027,201,Europe 36,5,Accepted
Laura Faulkner,http://games.crossfit.com/athlete/7419,201,Europe 37,5,Accepted
Linnéa Fransson,http://games.crossfit.com/athlete/137202,201,Europe 38,5,Team
Gwendolin Sona,http://games.crossfit.com/athlete/119242,201,Europe 39,5,Accepted
Anette Nieminen,http://games.crossfit.com/athlete/821419,201,Europe 40,5,Accepted
Kate McCall,http://games.crossfit.com/athlete/291503,201,Europe 41,5,Accepted
Yuko Sakuyama,http://games.crossfit.com/athlete/144083,201,Asia 1,6,Accepted
Amina Maskhadova,http://games.crossfit.com/athlete/779296,201,Asia 2,6,Accepted
Emily Crutchley,http://games.crossfit.com/athlete/235646,201,Asia 3,6,Accepted
Elise Hoefsmit,http://games.crossfit.com/athlete/522439,201,Asia 4,6,Accepted
Victoria Campos,http://games.crossfit.com/athlete/221169,201,Asia 5,6,Accepted
Uracha Teerawanitsan,http://games.crossfit.com/athlete/267049,201,Asia 6,6,Accepted
Natalia Osipova,http://games.crossfit.com/athlete/444179,201,Asia 7,6,Accepted
Zoe Pond-McPherson,http://games.crossfit.com/athlete/262443,201,Asia 8,6,Accepted
Christine Knieff,http://games.crossfit.com/athlete/123213,201,Asia 9,6,Accepted
Jenniffer Scott,http://games.crossfit.com/athlete/247060,201,Asia 10,6,Accepted
Kara Webb,http://games.crossfit.com/athlete/2942,201,Australia 1,6,Accepted
Alethea Boon,http://games.crossfit.com/athlete/235218,201,Australia 2,6,Accepted
Justine Beath,http://games.crossfit.com/athlete/60656,201,Australia 3,6,Accepted
Helen Harding,http://games.crossfit.com/athlete/291518,201,Australia 4,6,Accepted
Ruth Anderson Horrell,http://games.crossfit.com/athlete/25528,201,Australia 5,6,Accepted
Tia-Clair Toomey,http://games.crossfit.com/athlete/163097,201,Australia 6,6,Accepted
Stephanie Ortiz,http://games.crossfit.com/athlete/180078,201,Australia 7,6,Accepted
Jessica Coughlan,http://games.crossfit.com/athlete/16173,201,Australia 8,6,Accepted
Rebecca Gowing,http://games.crossfit.com/athlete/142998,201,Australia 9,6,Accepted
Angela Kyme,http://games.crossfit.com/athlete/20209,201,Australia 10,6,Accepted
Courtney Fitzharris,http://games.crossfit.com/athlete/15618,201,Australia 11,6,Accepted
Jaime Goodwin,http://games.crossfit.com/athlete/50017,201,Australia 12,6,Accepted
Evelina Dalecki,http://games.crossfit.com/athlete/51602,201,Australia 13,6,Accepted
Harriet Roberts,http://games.crossfit.com/athlete/2099,201,Australia 14,6,Accepted
Emma Wright,http://games.crossfit.com/athlete/503203,201,Australia 15,6,Accepted
Megan Signal,http://games.crossfit.com/athlete/334210,201,Australia 16,6,Team
Courtney Haley,http://games.crossfit.com/athlete/477709,201,Australia 17,6,Accepted
Sammy Wood,http://games.crossfit.com/athlete/10886,201,Australia 18,6,Accepted
Carly Menzies,http://games.crossfit.com/athlete/16703,201,Australia 19,6,Accepted
Claire Fraser,http://games.crossfit.com/athlete/3477,201,Australia 20,6,Accepted
Samantha Sullivan,http://games.crossfit.com/athlete/196611,201,Australia 21,6,Accepted
Lindsay Vaughan,http://games.crossfit.com/athlete/43198,201,Australia 22,6,Accepted
Kat Baker,http://games.crossfit.com/athlete/241977,201,Australia 23,6,Accepted
Tracey Stewart,http://games.crossfit.com/athlete/45741,201,Australia 24,6,Accepted
Joelene Neville,http://games.crossfit.com/athlete/101651,201,Australia 25,6,Accepted
Madeline Sturt,http://games.crossfit.com/athlete/21556,201,Australia 26,6,Accepted
Penny Kemp,http://games.crossfit.com/athlete/329295,201,Australia 27,6,Team
Bailey Rogers,http://games.crossfit.com/athlete/554143,201,Australia 28,6,Accepted
Rochelle Steinbergs,http://games.crossfit.com/athlete/752571,201,Australia 29,6,Accepted
Gemma Root,http://games.crossfit.com/athlete/244371,201,Australia 30,6,Team
Amy Alessi,http://games.crossfit.com/athlete/28735,201,Australia 31,6,Accepted
April Hering,http://games.crossfit.com/athlete/101010,201,Australia 32,6,Team
Quinn Te Kahu,http://games.crossfit.com/athlete/258001,201,Australia 33,6,Team
Katelin Marks,http://games.crossfit.com/athlete/120247,201,Australia 35,6,Accepted
Puawai Munro-Halkyard,http://games.crossfit.com/athlete/31808,201,Australia 36,6,Accepted
Brenda Castro,http://games.crossfit.com/athlete/242149,201,Latin America 1,7,Accepted
Anita Pravatti,http://games.crossfit.com/athlete/4376,201,Latin America 2,7,Accepted
Antonelli Nicole,http://games.crossfit.com/athlete/107939,201,Latin America 3,7,Accepted
Priscila Caceres,http://games.crossfit.com/athlete/47086,201,Latin America 4,7,Team
Camila Lopez,http://games.crossfit.com/athlete/58961,201,Latin America 5,7,Accepted
Jennifer reyes,http://games.crossfit.com/athlete/142721,201,Latin America 6,7,Team
Vivian Aiello Bomfim,http://games.crossfit.com/athlete/121493,201,Latin America 7,7,Team
Marina Hohmann Vaghetti,http://games.crossfit.com/athlete/232908,201,Latin America 8,7,Team
Karime Ferrari,http://games.crossfit.com/athlete/79980,201,Latin America 9,7,Accepted
Lea Schmidt,http://games.crossfit.com/athlete/276218,201,Latin America 10,7,Accepted
Laura Vazquez,http://games.crossfit.com/athlete/487746,201,Latin America 11,7,Accepted
Yazmin Arroyo Loaiza,http://games.crossfit.com/athlete/216953,201,Latin America 12,7,Accepted
Luiza Dias,http://games.crossfit.com/athlete/535855,201,Latin America 13,7,Accepted
Tatiana Rebane,http://games.crossfit.com/athlete/243517,201,Latin America 14,7,Accepted
Alexis Johnson,http://games.crossfit.com/athlete/208293,201,South Central 1,7,Accepted
Brittany Chestnut,http://games.crossfit.com/athlete/294332,201,South Central 2,7,Accepted
Brista Mayfield,http://games.crossfit.com/athlete/5785,201,South Central 3,7,Accepted
Rachel Garibay,http://games.crossfit.com/athlete/279929,201,South Central 4,7,Accepted
Janet Black,http://games.crossfit.com/athlete/9184,201,South Central 5,7,Accepted
Candice Wagner,http://games.crossfit.com/athlete/11460,201,South Central 6,7,Accepted
Beth Spearman,http://games.crossfit.com/athlete/15786,201,South Central 7,7,Accepted
Hollye Henderson,http://games.crossfit.com/athlete/78663,201,South Central 8,7,Accepted
Leah Greenfield,http://games.crossfit.com/athlete/252266,201,South Central 9,7,Accepted
Carla Frazier,http://games.crossfit.com/athlete/238419,201,South Central 10,7,Accepted
Audra LeBeau,http://games.crossfit.com/athlete/27570,201,South Central 11,7,Accepted
Rachel Campbell,http://games.crossfit.com/athlete/304873,201,South Central 12,7,Accepted
Marisa De Los santos,http://games.crossfit.com/athlete/344192,201,South Central 13,7,Team
Jessica Malone,http://games.crossfit.com/athlete/63071,201,South Central 14,7,Accepted
Randi Stevens,http://games.crossfit.com/athlete/466945,201,South Central 15,7,Accepted
Kristin Tucker,http://games.crossfit.com/athlete/123018,201,South Central 16,7,Accepted
Arielle Armstrong,http://games.crossfit.com/athlete/132258,201,South Central 17,7,Accepted
Jessica Aelvoet,http://games.crossfit.com/athlete/129664,201,South Central 18,7,Team
Teresa Trojanowski,http://games.crossfit.com/athlete/15455,201,South Central 19,7,Accepted
Ashley LaCombe,http://games.crossfit.com/athlete/80558,201,South Central 20,7,Team
Stacey Magnesio,http://games.crossfit.com/athlete/18901,201,South Central 21,7,Accepted
Sara Fish,http://games.crossfit.com/athlete/137476,201,South Central 22,7,Team
Jill DiGiampaolo,http://games.crossfit.com/athlete/38371,201,South Central 23,7,Accepted
Jennifer Rodriguez,http://games.crossfit.com/athlete/118640,201,South Central 24,7,Accepted
Camille Leblanc-Bazinet,http://games.crossfit.com/athlete/8404,201,South West 1,7,Accepted
Tiffany Hendrickson,http://games.crossfit.com/athlete/51106,201,South West 2,7,Accepted
Claire Treanor,http://games.crossfit.com/athlete/99236,201,South West 3,7,Team
Tennil Reed,http://games.crossfit.com/athlete/135797,201,South West 4,7,Accepted
Alyssa Ritchey,http://games.crossfit.com/athlete/113427,201,South West 5,7,Accepted
Analisa Marquez,http://games.crossfit.com/athlete/169393,201,South West 6,7,Accepted
Leslie Johnson,http://games.crossfit.com/athlete/51985,201,South West 7,7,Team
Michaela North,http://games.crossfit.com/athlete/53485,201,South West 8,7,Accepted
Carlyn Frampton,http://games.crossfit.com/athlete/123860,201,South West 9,7,Accepted
Michelle Kinney,http://games.crossfit.com/athlete/459004,201,South West 10,7,Accepted
Kendl Watt,http://games.crossfit.com/athlete/105062,201,South West 11,7,Accepted
Tana Diamond,http://games.crossfit.com/athlete/132008,201,South West 12,7,Team
Whitney Cappellucci,http://games.crossfit.com/athlete/25565,201,South West 13,7,Accepted
Tylinn Rashan,http://games.crossfit.com/athlete/508522,201,South West 14,7,Accepted
Cassidy Duffield,http://games.crossfit.com/athlete/128267,201,South West 15,7,Accepted
Gabrielle Andrews,http://games.crossfit.com/athlete/19129,201,South West 16,7,Accepted
Emily Bird,http://games.crossfit.com/athlete/746098,201,South West 17,7,Accepted
Mandi Janowitz,http://games.crossfit.com/athlete/12701,201,South West 18,7,Accepted
Erica Sideri,http://games.crossfit.com/athlete/117219,201,South West 19,7,Team
Shanna Duvall,http://games.crossfit.com/athlete/59627,201,South West 20,7,Accepted
Ashley Shaeffer,http://games.crossfit.com/athlete/120875,201,South West 21,7,Accepted
Mindy Hughes,http://games.crossfit.com/athlete/398977,201,South West 22,7,Accepted
Dana Howell,http://games.crossfit.com/athlete/55788,201,South West 23,7,Accepted
Kloie Wilson,http://games.crossfit.com/athlete/250568,201,South West 24,7,Accepted
Emily Abbott,http://games.crossfit.com/athlete/180250,201,Canada West 1,8,Accepted
Alex Parker,http://games.crossfit.com/athlete/141620,201,Canada West 2,8,Accepted
Delaina Snider,http://games.crossfit.com/athlete/108408,201,Canada West 3,8,Accepted
Caileigh McDade,http://games.crossfit.com/athlete/161037,201,Canada West 4,8,Accepted
Whitney Darchuk,http://games.crossfit.com/athlete/80282,201,Canada West 5,8,Accepted
Jolaine Undershute,http://games.crossfit.com/athlete/21214,201,Canada West 6,8,Accepted
Janine Shillington,http://games.crossfit.com/athlete/9748,201,Canada West 7,8,Accepted
Brittany Brown,http://games.crossfit.com/athlete/104081,201,Canada West 8,8,Accepted
Taryn Dubreuil,http://games.crossfit.com/athlete/7800,201,Canada West 9,8,Accepted
Deanna Fester,http://games.crossfit.com/athlete/143582,201,Canada West 10,8,Accepted
Samantha Stevenson-Archer,http://games.crossfit.com/athlete/160879,201,Canada West 11,8,Accepted
Natalie Duronio,http://games.crossfit.com/athlete/157776,201,Canada West 12,8,Accepted
Jenn Webber,http://games.crossfit.com/athlete/28299,201,Canada West 13,8,Accepted
Meghan McDade,http://games.crossfit.com/athlete/336127,201,Canada West 14,8,Accepted
Christina Verhagen,http://games.crossfit.com/athlete/68808,201,Canada West 15,8,Accepted
Taryn Haggerstone,http://games.crossfit.com/athlete/3385,201,Canada West 16,8,Accepted
Jayde Quilty,http://games.crossfit.com/athlete/106684,201,Canada West 17,8,Declined
Renee-Claude Rioux,http://games.crossfit.com/athlete/134940,201,Canada West 18,8,Accepted
Viki Cirkvencic,http://games.crossfit.com/athlete/37549,201,Canada West 19,8,Accepted
Sarah Haggerstone,http://games.crossfit.com/athlete/2669,201,Canada West 20,8,Accepted
Alissa Betts,http://games.crossfit.com/athlete/31482,201,Canada West 21,8,Accepted
Carleen Mathews,http://games.crossfit.com/athlete/16973,201,North West 1,8,Accepted
Margaux Alvarez,http://games.crossfit.com/athlete/3678,201,North West 2,8,Accepted
Joey Kimdon,http://games.crossfit.com/athlete/259327,201,North West 3,8,Accepted
Courtney Walker,http://games.crossfit.com/athlete/21024,201,North West 4,8,Accepted
Regan Huckaby,http://games.crossfit.com/athlete/159681,201,North West 5,8,Accepted
Carly Fuhrer,http://games.crossfit.com/athlete/102114,201,North West 6,8,Accepted
Jenna Gracey,http://games.crossfit.com/athlete/10565,201,North West 7,8,Accepted
Chelsea Nicholas,http://games.crossfit.com/athlete/74426,201,North West 8,8,Accepted
Caitlin Ritchey,http://games.crossfit.com/athlete/24137,201,North West 9,8,Accepted
Kendall Burnham,http://games.crossfit.com/athlete/23907,201,North West 10,8,Team
Kelcy Ware,http://games.crossfit.com/athlete/23405,201,North West 11,8,Accepted
Tracy Nagai,http://games.crossfit.com/athlete/68080,201,North West 12,8,Accepted
Marah Baker,http://games.crossfit.com/athlete/277818,201,North West 13,8,Accepted
Betsy Simser,http://games.crossfit.com/athlete/508378,201,North West 14,8,Team
Melissa Dixon,http://games.crossfit.com/athlete/26956,201,North West 15,8,Team
Samantha Tolbert,http://games.crossfit.com/athlete/272888,201,North West 16,8,Accepted
rachel perjessy,http://games.crossfit.com/athlete/51899,201,North West 17,8,Team
Karen McCadam,http://games.crossfit.com/athlete/12348,201,North West 18,8,Accepted
Caitlin Anderson,http://games.crossfit.com/athlete/266210,201,North West 19,8,Team
Ashley Ferda,http://games.crossfit.com/athlete/148722,201,North West 20,8,Accepted
Hope Cicero,http://games.crossfit.com/athlete/313257,201,North West 21,8,Accepted
Christie Choma,http://games.crossfit.com/athlete/112811,201,North West 22,8,Team
Katherine Rule,http://games.crossfit.com/athlete/254336,201,North West 23,8,Team
Hayley Gooding,http://games.crossfit.com/athlete/238043,201,North West 24,8,Accepted
Casey Campbell,http://games.crossfit.com/athlete/252100,201,North West 25,8,Accepted
Tia Wright,http://games.crossfit.com/athlete/9328,201,North West 26,8,Accepted
Christine McNeal,http://games.crossfit.com/athlete/272214,201,North West 27,8,Accepted
